hr,LB_per_hr,UB_per_hr,CI_per_hr
1,199.54995752013758,0.0,0.0
3,239.8798400459218,0.0,0.0
6,304.9053236697307,0.0,0.0
