iter,LB,time
1,0.0,1.0047099590301514
2,0.0,41.981805086135864
3,0.0,83.84177589416504
4,0.0,90.85518097877502
5,0.0,556.8480870723724
6,0.0,558.0754458904266
