hr,LB_per_hr,UB_per_hr,CI_per_hr
1,0.0,7.175736953156412e6,576712.4328914188
3,0.0,2.7079032654791204e6,232183.176004372
6,0.0,2.768470268216965e6,246693.544915468
